{
    "user1": {
        "user2": 0.8375,
        "user3": 0.5875,
        "user4": 0.49999999999999994,
        "user5": 0.6875,
        "user6": 0.55,
        "user7": 1.0,
        "user8": 0.8,
        "user9": 0.85,
        "user10": 0.7083333333333334
    },
    "user2": {
        "user1": 0.8375,
        "user3": 0.5208333333333334,
        "user4": 0.75,
        "user5": 0.2708333333333333,
        "user6": 0.5952380952380952,
        "user7": 0.6666666666666666,
        "user8": 0.6666666666666666,
        "user9": 0.7833333333333333,
        "user10": 0.5666666666666667
    },
    "user3": {
        "user1": 0.5875,
        "user2": 0.5208333333333334,
        "user4": 0.75,
        "user5": 0.6666666666666666,
        "user6": 0.49999999999999994,
        "user7": 0.6666666666666666,
        "user8": 0.5833333333333334,
        "user9": 0.5333333333333333,
        "user10": 0.8583333333333334
    },
    "user4": {
        "user1": 0.49999999999999994,
        "user2": 0.75,
        "user3": 0.75,
        "user5": 0.75,
        "user6": 0.6931818181818181,
        "user7": 0.6785714285714286,
        "user8": 0.525,
        "user9": 0.42500000000000004,
        "user10": 0.5583333333333333
    },
    "user5": {
        "user1": 0.6875,
        "user2": 0.2708333333333333,
        "user3": 0.6666666666666666,
        "user4": 0.75,
        "user6": 0.6785714285714286,
        "user7": 0.3333333333333333,
        "user8": 0.5,
        "user9": 0.5833333333333333,
        "user10": 0.525
    },
    "user6": {
        "user1": 0.55,
        "user2": 0.5952380952380952,
        "user3": 0.49999999999999994,
        "user4": 0.6931818181818181,
        "user5": 0.6785714285714286,
        "user7": 0.5416666666666666,
        "user8": 0.4015151515151515,
        "user9": 0.4015151515151515,
        "user10": 0.37272727272727274
    },
    "user7": {
        "user1": 1.0,
        "user2": 0.6666666666666666,
        "user3": 0.6666666666666666,
        "user4": 0.6785714285714286,
        "user5": 0.3333333333333333,
        "user6": 0.5416666666666666,
        "user8": 0.7321428571428572,
        "user9": 0.6904761904761906,
        "user10": 0.4785714285714286
    },
    "user8": {
        "user1": 0.8,
        "user2": 0.6666666666666666,
        "user3": 0.5833333333333334,
        "user4": 0.525,
        "user5": 0.5,
        "user6": 0.4015151515151515,
        "user7": 0.7321428571428572,
        "user9": 0.7666666666666666,
        "user10": 0.6
    },
    "user9": {
        "user1": 0.85,
        "user2": 0.7833333333333333,
        "user3": 0.5333333333333333,
        "user4": 0.42500000000000004,
        "user5": 0.5833333333333333,
        "user6": 0.4015151515151515,
        "user7": 0.6904761904761906,
        "user8": 0.7666666666666666,
        "user10": 0.39999999999999997
    },
    "user10": {
        "user1": 0.7083333333333334,
        "user2": 0.5666666666666667,
        "user3": 0.8583333333333334,
        "user4": 0.5583333333333333,
        "user5": 0.525,
        "user6": 0.37272727272727274,
        "user7": 0.4785714285714286,
        "user8": 0.6,
        "user9": 0.39999999999999997
    }
}